{
    "method": "split_conformal_prediction",
    "model_name": "xgboost",
    "feature_group": "combined",
    "original_model_path": "models/combined/xgboost.joblib",
    "conformal_model_path": "models/combined/xgboost_conformal.joblib",
    "alpha": 0.1,
    "target_coverage": 0.9,
    "calibration_fraction": 0.25,
    "original_training_rows": 844,
    "proper_training_rows": 633,
    "calibration_rows": 211,
    "test_rows": 212,
    "conformal_error_quantile": 0.9910855054855346,
    "calibration_mae": 0.41933516323813613,
    "mae": 0.42277448499821263,
    "rmse": 0.5661993530404875,
    "r2": 0.8521947432932546,
    "empirical_coverage": 0.9150943396226415,
    "mean_interval_width": 1.9821709394454956,
    "median_interval_width": 1.9821710586547852,
    "minimum_interval_width": 1.982170820236206,
    "maximum_interval_width": 1.9821712970733643,
    "mean_absolute_error_covered": 0.34050246755333297,
    "mean_absolute_error_not_covered": 1.3094840063485835,
    "covered_count": 194,
    "not_covered_count": 18
}